LGA_CODE_2021,Tot_P_M,Tot_P_F,Tot_P_P,Age_0_4_yr_M,Age_0_4_yr_F,Age_0_4_yr_P,Age_5_14_yr_M,Age_5_14_yr_F,Age_5_14_yr_P,Age_15_19_yr_M,Age_15_19_yr_F,Age_15_19_yr_P,Age_20_24_yr_M,Age_20_24_yr_F,Age_20_24_yr_P,Age_25_34_yr_M,Age_25_34_yr_F,Age_25_34_yr_P,Age_35_44_yr_M,Age_35_44_yr_F,Age_35_44_yr_P,Age_45_54_yr_M,Age_45_54_yr_F,Age_45_54_yr_P,Age_55_64_yr_M,Age_55_64_yr_F,Age_55_64_yr_P,Age_65_74_yr_M,Age_65_74_yr_F,Age_65_74_yr_P,Age_75_84_yr_M,Age_75_84_yr_F,Age_75_84_yr_P,Age_85_yr_over_M,Age_85_yr_over_F,Age_85_yr_over_P,OS_vis_M,OS_vis_F,OS_vis_P,Count_pers_occ_private_dwgs_M,Count_pers_occ_private_dwgs_F,Count_pers_occ_private_dwgs_P,Count_persons_other_dwgs_M,Count_persons_other_dwgs_F,Count_persons_other_dwgs_P,Indig_persons_Aboriginal_M,Indig_persons_Aboriginal_F,Indig_persons_Aboriginal_P,Indig_psns_Torres_Strait_Is_M,Indig_psns_Torres_Strait_Is_F,Indig_psns_Torres_Strait_Is_P,Indig_pe_Bo_Abor_Trs_St_Is_M,Indig_pe_Bo_Abor_Trs_St_Is_F,Indig_pe_Bo_Abor_Trs_St_Is_P,Indigenous_persons_Tot_M,Indigenous_persons_Tot_F,Indigenous_persons_Tot_P,Birthplace_Australia_M,Birthplace_Australia_F,Birthplace_Australia_P,Birthplace_Elsewhere_M,Birthplace_Elsewhere_F,Birthplace_Elsewhere_P,Lang_used_home_Eng_only_M,Lang_used_home_Eng_only_F,Lang_used_home_Eng_only_P,Lang_used_home_Oth_Lang_M,Lang_used_home_Oth_Lang_F,Lang_used_home_Oth_Lang_P,Australian_citizen_M,Australian_citizen_F,Australian_citizen_P,Age_per_att_educ_inst_0_4_M,Age_per_att_educ_inst_0_4_F,Age_per_att_educ_inst_0_4_P,Age_per_att_educ_inst_5_14_M,Age_per_att_educ_inst_5_14_F,Age_per_att_educ_inst_5_14_P,Age_per_att_educ_inst_15_19_M,Age_per_att_educ_inst_15_19_F,Age_per_att_educ_inst_15_19_P,Age_per_att_educ_inst_20_24_M,Age_per_att_educ_inst_20_24_F,Age_per_att_educ_inst_20_24_P,Age_per_att_educ_inst_25ov_M,Age_per_att_educ_inst_25ov_F,Age_per_att_educ_inst_25ov_P,Hi_yr_sch_com_Yr_12_equiv_M,Hi_yr_sch_com_Yr_12_equiv_F,Hi_yr_sch_com_Yr_12_equiv_P,Hi_yr_sch_com_Yr_11_equiv_M,Hi_yr_sch_com_Yr_11_equiv_F,Hi_yr_sch_com_Yr_11_equiv_P,Hi_yr_sch_com_Yr_10_equiv_M,Hi_yr_sch_com_Yr_10_equiv_F,Hi_yr_sch_com_Yr_10_equiv_P,Hi_yr_sch_comp_Yr_9_equiv_M,Hi_yr_sch_comp_Yr_9_equiv_F,Hi_yr_sch_comp_Yr_9_equiv_P,Hi_yr_sch_comp_Yr_8_below_M,Hi_yr_sch_comp_Yr_8_below_F,Hi_yr_sch_comp_Yr_8_below_P,Hi_yr_sc_co_Di_not_go_to_sc_M,Hi_yr_sc_co_Di_not_go_to_sc_F,Hi_yr_sc_co_Di_not_go_to_sc_P
LGA10050,26935,28938,55874,1837,1734,3571,3599,3454,7051,1679,1707,3385,1716,1794,3510,3622,3763,7382,3319,3571,6884,3215,3484,6699,3198,3542,6744,2754,3047,5803,1506,1956,3465,502,886,1386,18,23,39,26286,28117,54400,650,830,1480,951,1072,2026,22,19,43,41,25,64,1009,1118,2134,21874,23806,45676,3448,3561,7011,22977,24974,47948,2400,2453,4851,23839,25871,49707,508,504,1012,3354,3214,6569,1143,1286,2427,462,651,1117,797,1432,2228,9420,11506,20924,2457,2490,4944,5432,5501,10930,1650,1565,3214,943,977,1921,193,213,405
LGA10180,13984,15012,28998,816,746,1562,1804,1832,3637,1076,1252,2329,1141,1190,2325,1838,1942,3777,1584,1633,3214,1538,1679,3224,1732,1801,3536,1345,1446,2794,841,1051,1889,266,444,705,30,17,48,13005,13674,26682,978,1336,2319,1012,1108,2121,8,16,25,22,19,43,1047,1142,2186,10434,11070,21500,2052,2276,4330,11044,11774,22816,1457,1557,3015,11337,12095,23432,266,228,488,1583,1619,3203,697,771,1462,435,577,1011,654,950,1606,5675,6654,12330,738,725,1456,2360,2283,4637,703,696,1402,495,432,925,87,116,200
LGA10250,22306,24044,46351,1148,1058,2202,2804,2535,5338,1274,1165,2436,983,946,1928,2023,2304,4329,2539,2716,5257,2762,3130,5896,3065,3408,6467,3187,3511,6699,1838,2135,3974,686,1138,1827,31,36,68,21951,23520,45472,357,516,880,823,917,1741,27,23,50,26,22,44,877,956,1836,18318,19430,37748,2707,3214,5923,20127,21475,41605,972,1251,2219,20250,21690,41942,384,324,707,2628,2371,4996,914,872,1789,260,334,593,535,1003,1538,8525,10040,18567,1398,1430,2829,5036,5426,10461,1360,1420,2782,769,727,1496,56,56,112
LGA10300,1207,1130,2336,57,82,139,173,129,301,57,50,103,67,38,108,143,161,299,129,113,241,160,153,312,190,168,358,168,143,309,50,64,111,20,33,53,27,7,33,1091,1081,2171,116,45,162,56,69,125,0,0,0,9,0,15,67,72,137,908,868,1775,109,97,198,892,869,1762,121,85,210,933,899,1832,20,24,37,137,114,252,32,31,68,8,12,21,16,28,42,276,334,612,102,102,206,237,184,429,91,62,152,86,61,146,4,7,10
LGA10470,22052,21687,43740,1277,1213,2485,2969,2778,5744,1592,1440,3034,1548,1390,2936,2988,2750,5740,2674,2506,5180,2661,2757,5418,2590,2656,5245,2183,2213,4401,1202,1297,2498,369,684,1046,20,21,49,20289,20876,41165,1763,806,2572,1653,1460,3105,18,26,43,35,39,72,1703,1520,3224,18598,18416,37011,2233,2178,4408,18800,19410,38209,1199,1243,2440,19101,19714,38812,413,396,807,2773,2602,5372,1143,1117,2258,426,555,984,552,1007,1559,7449,9022,16468,1313,1235,2548,4942,4426,9367,1282,1283,2568,726,625,1355,62,63,127
LGA10500,87597,88183,175777,5127,4863,9993,8450,8054,16505,4093,3735,7828,7173,6538,13714,18443,18257,36702,13609,13105,26709,10172,10664,20836,8611,8982,17594,6446,7071,13518,3947,4712,8660,1532,2190,3718,358,383,747,85906,86707,172611,1693,1467,3162,883,960,1846,26,24,51,29,33,59,936,1017,1956,41379,40143,81514,41175,43198,84375,38036,35728,73764,43636,46598,90233,63490,64403,127898,1429,1383,2805,7868,7524,15397,3283,3199,6481,3723,3424,7145,5270,6499,11770,49511,50530,100037,3683,3137,6824,9356,8850,18209,2267,2325,4589,2676,3535,6217,1044,1471,2515
LGA10550,17851,18447,36298,796,738,1535,2048,1913,3960,951,831,1778,684,655,1340,1540,1598,3141,1593,1804,3394,2102,2303,4408,2948,3365,6311,3158,3026,6185,1537,1584,3123,480,623,1105,21,23,43,17270,17902,35173,582,541,1125,675,675,1349,13,7,22,14,14,26,703,696,1400,14368,14695,29067,2076,2375,4448,16034,16538,32571,535,696,1234,16033,16630,32660,215,206,424,1863,1757,3620,623,586,1213,106,171,278,306,656,966,6003,7307,13308,1430,1502,2935,4310,4047,8354,1199,1050,2246,750,621,1371,45,32,75
LGA10600,6529,6966,13500,281,275,553,855,832,1684,358,345,707,214,206,421,520,546,1068,616,692,1311,815,965,1777,1049,1230,2283,1122,1071,2192,537,570,1101,163,242,405,5,12,22,6423,6847,13267,110,122,234,262,285,551,8,3,15,4,3,11,282,294,577,5206,5534,10738,793,888,1682,5830,6169,11996,206,286,491,5835,6218,12053,88,86,173,762,738,1502,248,251,499,42,70,108,128,333,460,2246,2904,5149,417,381,798,1528,1437,2970,482,440,922,236,222,455,22,15,34
LGA10650,4172,4312,8484,190,193,385,473,485,963,236,205,442,150,132,284,357,382,736,360,434,794,485,474,961,588,664,1257,768,709,1477,415,447,861,148,176,329,3,3,6,4071,4173,8245,105,137,240,122,126,247,10,5,7,0,0,4,127,132,265,3452,3522,6970,316,374,685,3644,3761,7406,124,138,259,3649,3743,7394,58,58,117,418,430,853,161,145,304,13,36,55,52,143,194,975,1324,2299,475,491,965,954,841,1791,414,320,738,275,192,464,3,12,18
LGA10750,197872,199346,397215,15351,14587,29935,30820,29393,60214,12630,11711,24340,13795,12583,26379,28712,30497,59210,33782,33556,67342,23882,23685,47569,18646,19460,38106,12848,14362,27210,5828,6702,12529,1573,2812,4386,351,537,885,195376,197502,392885,2493,1837,4336,5571,5777,11347,103,115,222,136,128,267,5803,6023,11831,100604,98984,199585,86421,89436,175853,94813,93682,188492,89892,93511,183403,157245,158434,315676,4132,3915,8051,28528,27198,55726,9697,9510,19202,5358,5581,10941,6590,9818,16413,92013,96456,188473,8295,7739,16026,26013,24924,50935,7317,7323,14642,5202,6182,11382,1605,2316,3925
LGA10800,3004,2779,5783,180,172,351,370,361,732,140,149,293,148,132,278,363,289,654,341,335,674,365,339,711,472,368,835,365,321,685,189,206,395,67,111,178,6,0,7,2816,2707,5522,193,66,258,187,176,366,3,0,0,3,4,6,191,181,375,2489,2333,4825,169,163,331,2608,2438,5048,71,91,163,2609,2461,5070,43,52,93,341,313,650,87,99,189,13,34,54,31,91,122,662,882,1545,174,178,351,915,671,1583,257,188,442,137,98,228,8,4,10
LGA10850,3692,3730,7422,241,211,454,535,538,1069,239,223,466,165,139,304,382,420,797,363,410,771,474,508,979,534,545,1084,456,404,858,245,232,482,62,92,160,0,0,0,3627,3697,7322,63,32,102,216,198,413,3,0,6,0,0,0,225,202,421,3201,3251,6452,229,237,466,3395,3439,6831,55,66,122,3371,3429,6805,70,75,145,492,497,995,169,166,334,34,45,82,64,158,229,1017,1335,2353,197,224,420,1020,865,1883,282,209,486,152,132,279,11,7,21
LGA10900,37787,40204,77990,1982,1904,3890,4990,4748,9734,2463,2199,4660,1828,1593,3417,3497,3628,7126,4556,5004,9560,5264,5708,10970,5228,5942,11169,4992,5493,10485,2338,2894,5232,653,1099,1747,41,41,84,37255,39533,76788,526,676,1207,995,1063,2054,11,12,26,13,12,20,1018,1083,2104,30085,31701,61789,6502,7225,13723,34297,36057,70353,2280,2833,5117,34902,37063,71967,663,667,1327,4765,4549,9316,1977,1824,3803,728,737,1469,1149,2191,3336,18095,20670,38762,2049,1944,3989,7151,7260,14404,1619,1637,3255,703,670,1377,82,85,161
LGA10950,1325,1252,2579,79,90,168,160,157,319,78,61,140,80,64,148,171,179,350,123,107,231,185,184,369,187,149,339,129,118,246,89,112,197,29,40,72,0,0,5,1261,1214,2476,68,31,102,204,222,425,0,0,0,0,5,3,206,228,433,1125,1077,2194,77,78,158,1162,1110,2272,48,46,99,1173,1114,2285,27,22,47,153,147,297,47,53,99,12,10,24,15,47,66,326,413,739,81,71,153,375,286,662,104,76,179,71,40,112,7,6,9
LGA11150,1271,1245,2512,99,82,179,176,165,339,63,65,123,82,79,155,149,187,336,134,148,279,164,144,310,198,174,378,145,121,262,60,58,119,10,24,38,4,0,11,1207,1187,2395,59,58,118,340,360,703,0,0,3,5,3,9,351,368,715,974,949,1921,64,63,125,1008,988,1996,54,38,93,1009,993,2005,28,12,43,127,122,244,33,29,60,8,15,26,14,48,63,310,387,703,82,56,134,251,211,465,82,78,157,76,60,133,10,3,17
LGA11200,717,715,1430,52,42,94,94,81,177,47,35,84,44,52,96,91,118,207,72,70,140,77,98,178,121,107,226,86,74,159,32,28,58,5,14,16,0,0,4,703,688,1384,12,29,43,336,353,690,0,0,0,3,0,7,343,353,694,562,554,1112,30,34,68,578,563,1144,26,25,55,587,577,1158,13,9,18,87,68,146,24,19,41,9,11,13,8,23,32,143,173,319,29,61,88,143,154,299,77,53,137,46,35,86,6,6,8
LGA11250,8647,9132,17779,479,492,966,1009,1014,2021,515,446,967,489,440,930,1062,1135,2199,921,983,1898,1020,1009,2029,1276,1359,2633,1132,1156,2282,539,723,1268,204,377,583,7,10,15,8391,8817,17206,262,311,570,814,874,1685,7,0,10,23,19,38,846,886,1737,7452,7786,15234,438,535,978,7624,8015,15641,273,354,627,7724,8133,15854,128,131,259,906,892,1793,269,270,537,69,83,151,198,412,606,1930,2399,4324,640,593,1232,2474,2426,4896,762,863,1626,616,594,1205,33,16,44
LGA11300,19712,20571,40289,774,776,1557,1577,1685,3261,862,969,1830,2631,2382,5014,4533,4305,8839,2540,2500,5045,2070,2411,4482,1991,2122,4119,1421,1627,3050,856,1087,1944,456,705,1165,97,82,177,19250,20051,39298,466,520,986,77,82,160,0,6,10,0,3,3,82,92,165,7406,7438,14850,11197,11994,23190,6508,6071,12576,12023,13261,25282,12217,13122,25347,219,235,452,1481,1604,3092,761,893,1657,1690,1551,3246,1419,1728,3143,12622,13025,25648,611,562,1168,1392,1455,2848,491,521,1014,629,826,1455,353,424,779
LGA11350,17591,19134,36727,896,856,1753,2078,2065,4143,873,844,1712,690,886,1573,2330,2707,5032,2432,2733,5163,2412,2837,5247,2526,2763,5288,2309,2222,4528,845,858,1700,209,375,583,84,77,157,17065,18653,35714,526,483,1008,309,297,601,12,16,28,25,26,55,347,340,688,11929,12914,24836,3759,4272,8026,14112,15319,29428,1624,1907,3527,14185,15473,29659,238,240,478,1827,1785,3619,599,597,1195,166,235,396,590,1217,1807,8407,10069,18479,995,958,1954,2629,2655,5282,575,542,1115,319,265,583,37,29,62
LGA11400,6803,6916,13714,372,372,746,1059,998,2058,443,422,865,318,289,607,521,612,1132,745,799,1542,893,928,1819,965,1011,1979,883,788,1672,477,482,959,133,208,343,0,7,5,6725,6809,13539,74,104,185,310,309,626,14,10,27,0,11,12,323,333,656,5841,5927,11772,398,417,813,6202,6274,12481,133,167,293,6210,6305,12515,104,111,210,978,909,1885,312,317,633,77,97,177,99,216,316,1979,2540,4522,357,407,765,1764,1503,3265,497,387,883,304,230,532,15,12,33
LGA11450,58361,60692,119053,5749,5391,11138,9630,9217,18843,3787,3708,7494,3422,3500,6922,9098,10279,19377,9286,9550,18834,7109,7152,14255,4872,5447,10317,3399,3780,7180,1596,1860,3455,428,796,1221,68,96,168,58091,60160,118252,274,534,804,1839,1932,3773,23,34,58,20,24,49,1888,1992,3876,43337,44869,88210,13325,14056,27381,43534,44617,88156,12850,13980,26832,52754,54634,107386,1660,1579,3232,9156,8795,17949,2897,3002,5902,1091,1342,2434,1411,2624,4041,22535,26761,49298,3186,2899,6079,11529,10399,21924,2577,2545,5121,1291,1336,2625,312,376,688
LGA11500,86582,89822,176407,6666,6441,13105,13166,12567,25733,5614,5334,10944,5774,5498,11277,12031,13594,25627,13149,13433,26588,10005,10249,20254,9319,10109,19427,7037,7786,14825,3142,3542,6679,679,1269,1948,147,169,324,85806,88738,174543,776,1086,1865,3278,3661,6936,67,65,135,58,49,107,3408,3775,7183,52038,52880,104914,29819,31952,61764,50542,51237,101779,30602,32580,63179,72689,74598,147290,1755,1584,3335,12018,11504,23524,4029,4087,8122,1850,2048,3898,2557,4167,6725,35283,38226,73512,4597,4272,8870,14987,15139,30126,4296,4533,8826,2496,2784,5285,635,903,1539
LGA11520,42975,46354,89330,2590,2269,4858,4658,4589,9251,2030,2063,4089,2736,2555,5295,7185,7666,14852,6705,6937,13645,5499,6269,11766,4738,5523,10256,3758,4390,8142,2220,2664,4880,864,1433,2301,99,130,227,42272,45475,87747,707,882,1588,233,221,452,16,11,31,5,6,13,259,236,494,24298,25272,49571,16689,18978,35674,24648,25048,49695,16207,18995,35206,34252,36761,71016,813,715,1530,4429,4382,8812,1803,1871,3672,1464,1411,2870,1850,2650,4502,25829,27959,53795,1484,1353,2838,4003,4828,8830,1058,1208,2270,1047,1399,2449,308,468,777
LGA11570,185368,184386,369754,12691,11868,24556,25192,23534,48726,11797,10836,22630,13074,11939,25010,28182,27036,55215,25528,25349,50876,22289,23307,45603,20707,21200,41902,14358,15299,29650,8177,9177,17352,3390,4843,8232,340,379,715,183301,182315,365612,2070,2072,4145,1246,1346,2594,48,59,108,19,44,69,1315,1451,2768,91346,90373,181716,82191,82664,164850,63578,61073,124648,108318,110253,218572,145104,148049,293155,3366,3107,6469,22861,21500,44362,9377,9131,18506,5927,5674,11600,7762,9043,16807,86934,88601,175539,7340,6593,13931,22426,21248,43668,6570,6522,13091,8184,9404,17592,4007,5148,9150
LGA11600,1656,1371,3028,99,108,208,189,177,363,84,69,153,102,71,173,311,210,526,186,178,364,220,169,384,230,185,415,153,114,265,68,60,132,22,37,57,13,5,18,1499,1307,2801,160,65,222,126,121,245,0,0,3,5,0,5,130,123,249,1164,1015,2181,266,192,456,1254,1091,2349,181,127,311,1228,1076,2299,18,28,44,169,156,323,43,47,90,9,21,31,26,56,82,427,494,919,117,92,207,406,243,648,117,84,203,85,42,130,16,3,20
LGA11650,167425,178681,346101,10011,9436,19456,22247,20795,43043,10555,9790,20344,9390,9116,18498,18534,19590,38123,19843,21512,41348,21319,22835,44154,21099,23572,44662,18722,21652,40379,11802,13778,25582,3909,6603,10513,177,174,354,165120,175422,340550,2301,3256,5555,8110,8334,16445,159,154,313,128,152,280,8395,8644,17043,132926,140319,273246,26384,29370,55754,147632,156009,303640,11402,13318,24717,150846,160387,311231,3368,3103,6477,20920,19548,40470,7584,7484,15064,2853,3334,6190,3918,7563,11491,60565,69158,129717,10369,9762,20128,39793,42452,82249,10538,11637,22175,5142,5369,10503,545,489,1036
LGA11700,1043,945,1992,49,45,95,112,107,221,47,50,99,69,57,123,112,135,251,101,103,203,143,128,266,171,140,302,171,109,283,63,59,120,10,18,24,0,0,0,966,900,1862,82,51,123,301,343,643,0,0,0,8,0,4,306,343,650,738,708,1446,52,36,90,780,732,1515,17,17,37,777,736,1511,10,15,24,80,69,149,9,14,27,0,8,9,8,28,34,186,221,406,71,60,132,211,172,380,94,105,198,96,53,149,5,3,18
LGA11720,31918,31590,63502,2193,2067,4264,4420,4188,8612,1924,1814,3739,1957,1873,3829,4594,4513,9113,4039,3889,7922,3930,3835,7762,3720,3826,7548,3248,3240,6490,1486,1598,3078,412,745,1159,13,30,43,30020,31093,61114,1896,497,2393,3214,2956,6170,61,60,119,102,83,183,3375,3102,6477,28046,27700,55747,2320,2346,4662,28174,29134,57306,808,992,1793,28193,29297,57493,661,621,1283,4142,3936,8071,1213,1211,2424,363,511,879,564,1307,1875,7468,9385,16852,2070,2106,4179,8944,8372,17316,2510,2709,5215,1295,1205,2494,95,78,173
LGA11730,27501,27503,55004,1305,1304,2604,3198,2912,6106,1474,1256,2726,1260,1140,2399,2679,2609,5288,2734,2706,5436,3190,3418,6607,4188,4331,8521,4397,4283,8682,2381,2468,4851,689,1082,1771,67,19,84,25869,26746,52614,1624,761,2392,2236,1986,4217,39,44,87,57,55,108,2332,2084,4409,23263,23087,46349,2177,2446,4617,24057,24784,48843,678,875,1550,24174,24971,49138,387,384,768,2919,2669,5586,911,861,1771,183,256,443,432,992,1427,7210,8554,15763,1731,1689,3426,7500,7721,15216,2268,2183,4454,1342,1031,2374,75,71,142
LGA11750,2356,2059,4411,143,126,275,267,284,549,131,100,232,133,122,251,357,300,659,309,270,583,289,221,512,354,279,632,242,186,426,99,117,218,24,48,76,3,6,3,2085,1969,4058,265,90,353,264,308,576,0,0,0,4,0,6,272,307,583,1748,1548,3292,175,173,354,1837,1648,3486,108,95,203,1855,1641,3495,40,21,61,208,240,442,64,53,114,21,21,42,43,73,113,520,618,1136,170,129,301,598,413,1015,141,109,255,118,80,202,7,6,13
LGA11800,38502,41369,79880,2041,2040,4087,5058,4895,9949,2299,2285,4583,1899,1838,3735,4336,4650,8990,4446,4932,9378,4709,5213,9919,5014,5612,10626,5042,5361,10403,2726,3143,5869,927,1408,2335,141,132,278,37385,40139,77521,1116,1235,2347,2107,2304,4410,50,46,97,53,52,109,2212,2402,4611,30252,32147,62394,5778,6655,12434,32489,34921,67416,3509,3870,7386,33618,36054,69676,638,647,1281,4702,4548,9250,1567,1631,3189,467,625,1095,1052,1887,2931,13180,15592,28774,2531,2552,5083,8973,9355,18332,2485,2631,5118,1510,1368,2876,236,295,535
LGA12000,2120,2195,4316,127,110,239,301,318,618,148,132,282,87,86,176,197,233,435,217,217,432,245,272,514,286,310,596,299,262,557,157,172,332,55,77,130,0,0,0,2092,2163,4253,27,31,57,98,144,240,0,0,5,0,0,0,98,148,242,1870,1947,3819,99,99,198,1962,2046,4004,38,25,61,1978,2051,4027,44,35,77,283,293,575,99,103,198,23,29,48,28,69,95,494,666,1160,139,141,275,634,578,1205,180,178,354,111,70,184,4,6,12
LGA12150,1945,1914,3858,181,133,311,269,230,505,116,104,218,89,108,196,206,273,483,202,198,405,224,220,442,270,272,541,236,214,449,121,109,234,32,54,85,3,0,3,1871,1863,3738,75,50,127,628,633,1257,0,6,12,8,11,15,632,645,1278,1593,1539,3133,60,79,135,1630,1600,3232,42,39,83,1642,1601,3242,28,30,52,224,180,405,61,54,117,9,18,26,17,54,70,385,571,961,119,116,232,444,406,850,148,135,285,139,72,209,18,12,24
LGA12160,5702,5731,11434,311,286,587,742,639,1381,338,296,630,263,249,514,504,521,1025,551,579,1126,644,685,1325,855,845,1698,853,854,1708,501,556,1059,151,229,378,10,9,19,5484,5584,11062,214,156,369,350,330,680,9,8,18,14,18,31,376,349,725,4728,4845,9573,404,392,802,4999,5126,10129,200,178,381,5044,5158,10205,81,80,163,671,586,1255,210,207,417,37,64,106,57,150,212,1434,1789,3225,362,364,729,1567,1483,3048,466,427,893,295,268,570,19,24,45
LGA12350,6341,6449,12790,347,344,695,747,729,1477,376,339,713,346,307,654,619,686,1301,603,613,1214,778,799,1578,892,871,1768,927,964,1888,535,561,1099,163,243,409,7,7,7,6218,6286,12504,125,164,287,550,580,1131,4,3,13,5,5,10,561,595,1155,5331,5442,10767,449,476,923,5563,5718,11280,244,240,493,5673,5823,11493,95,104,200,681,625,1310,223,223,454,63,79,141,89,199,288,1515,1942,3459,322,365,684,1919,1782,3697,537,521,1057,386,265,652,20,15,34
LGA12380,121402,113891,235292,8557,7861,16417,15487,14928,30411,6500,6126,12629,10114,8461,18573,23288,20283,43567,19201,16878,36085,13246,12748,25989,11514,11709,23222,7852,8309,16160,4245,4542,8790,1405,2047,3450,284,290,576,120542,112932,233472,868,953,1816,639,734,1373,33,33,70,18,27,48,685,797,1487,47047,46231,93279,65102,59765,124867,32256,30229,62481,78718,74341,153060,81665,81896,163565,2087,1914,4006,13879,13461,27343,5067,5159,10227,5006,4427,9435,5892,6664,12555,58740,55639,114380,4279,3679,7958,12660,11480,24143,4105,3707,7817,5166,5249,10420,3438,3735,7178
LGA12390,26943,27944,54882,1954,1941,3901,3935,3707,7641,1679,1520,3202,1502,1606,3111,4057,4188,8241,3258,3338,6602,3026,3238,6264,3110,3320,6426,2524,2653,5179,1437,1705,3140,457,726,1183,34,33,69,25723,27202,52925,1221,741,1956,4344,4422,8768,18,37,52,71,76,144,4434,4534,8966,21749,22880,44632,2711,2634,5339,22000,23458,45457,2107,2107,4212,22518,24030,46550,566,564,1130,3471,3331,6795,1022,1012,2030,267,421,687,616,1203,1818,8128,10219,18350,1447,1600,3044,6168,5859,12030,1640,1459,3101,1085,948,2033,91,59,148
LGA12700,4767,4808,9579,260,252,513,649,619,1268,272,254,527,202,190,389,412,437,852,538,575,1114,599,661,1263,767,777,1549,649,608,1257,352,314,666,68,118,185,0,0,0,4710,4758,9472,51,47,106,327,317,643,12,10,21,11,5,17,351,333,681,4260,4264,8524,260,275,534,4539,4556,9093,43,52,96,4521,4553,9074,91,83,176,602,582,1190,179,167,343,53,65,115,76,163,239,1303,1663,2965,256,295,560,1526,1293,2819,363,325,695,198,136,332,14,9,16
LGA12730,4127,4264,8393,241,208,440,552,481,1029,225,256,478,187,194,387,413,448,864,401,435,835,509,538,1050,606,660,1268,574,517,1090,307,361,665,109,172,287,4,6,8,4031,4162,8195,94,104,194,186,204,396,3,5,5,3,9,8,190,215,403,3438,3586,7023,236,253,484,3615,3759,7370,108,129,243,3617,3775,7389,62,54,118,477,427,907,137,190,322,32,43,77,49,131,180,1010,1414,2421,391,391,781,935,875,1814,370,318,683,240,202,449,18,14,33
LGA12750,20217,21042,41253,872,827,1694,2086,1956,4047,1040,900,1948,735,659,1399,1610,1693,3303,1767,1899,3662,2332,2522,4852,3329,3729,7061,3911,3894,7805,1957,2037,3994,573,921,1492,26,16,44,19741,20418,40157,478,620,1097,1201,1240,2441,7,10,16,14,22,35,1232,1264,2500,15766,16324,32093,2714,2984,5700,17892,18577,36465,789,922,1709,18079,18871,36950,252,233,488,1859,1764,3624,691,619,1305,151,164,312,314,699,1012,6951,7908,14854,1380,1316,2693,5020,5169,10190,1443,1444,2885,809,744,1554,59,47,103
LGA12850,102517,105227,207740,5513,5310,10823,13630,12702,26331,7481,6964,14442,7465,7187,14646,13627,13249,26878,11789,13107,24901,13024,14170,27191,13767,14119,27885,9757,10535,20294,4744,5250,9989,1729,2626,4356,146,172,319,101701,104079,205778,819,1150,1966,672,769,1440,33,22,51,19,15,36,719,805,1526,41544,38575,80119,55165,60996,116160,25636,22972,48601,69941,74965,144909,80325,82096,162418,1337,1219,2557,12360,11543,23899,5766,5848,11616,3074,3373,6449,3221,4819,8043,41981,42788,84769,4916,4207,9127,12778,11894,24670,4931,5200,10122,7361,9000,16356,5451,8026,13476
LGA12870,6267,6355,12620,310,287,599,741,671,1410,324,317,640,275,250,525,549,577,1124,553,609,1164,754,770,1521,941,967,1907,1039,1000,2036,574,648,1221,208,262,464,5,16,17,6134,6240,12376,131,113,238,151,130,272,4,4,9,5,6,11,157,143,296,5315,5353,10664,428,497,922,5647,5756,11408,141,147,288,5649,5751,11401,90,83,168,666,620,1280,203,234,436,36,61,101,64,199,267,1449,2002,3449,728,698,1428,1626,1397,3025,561,502,1070,333,297,631,22,15,38
LGA12900,4675,4792,9467,264,292,557,669,700,1370,309,304,611,257,226,478,483,535,1015,493,507,1002,527,558,1088,624,599,1215,575,538,1114,368,369,739,111,165,272,10,0,10,4494,4629,9122,176,164,342,605,650,1253,9,9,20,19,4,22,629,666,1291,4071,4124,8196,176,242,418,4205,4299,8499,87,115,207,4221,4322,8540,87,88,173,610,635,1251,194,211,408,36,62,105,54,166,222,1181,1545,2729,301,283,587,1224,1123,2344,361,300,667,272,172,445,18,9,27
LGA12930,75025,77288,152311,4006,3622,7630,8513,8043,16561,4143,3851,8002,6119,5438,11555,12136,11488,23622,10045,10597,20645,9013,10051,19057,9017,9693,18713,6624,7352,13974,3761,4509,8273,1643,2644,4284,194,188,383,74127,75793,149921,901,1490,2389,459,524,981,8,13,22,8,17,24,481,550,1034,38473,37910,76380,33647,36440,70087,32321,31370,63692,39023,41820,80846,57546,59538,117085,1239,1093,2334,8094,7636,15727,3563,3432,6993,3362,3024,6381,3422,4300,7715,43224,44215,87436,2688,2486,5174,7951,8404,16355,2192,2524,4716,2098,2792,4889,763,1162,1927
LGA12950,2155,2194,4350,139,128,262,286,269,551,99,114,219,85,78,161,215,223,437,190,241,431,276,270,547,320,342,664,316,275,592,174,183,357,53,76,133,3,0,3,2057,2100,4152,103,96,199,305,282,589,0,0,8,3,4,6,311,291,604,1803,1816,3615,55,95,148,1845,1895,3740,31,38,63,1868,1897,3760,38,35,79,244,228,481,62,69,131,4,12,21,15,54,66,437,623,1066,108,121,231,565,535,1091,217,179,392,143,91,233,7,6,10
LGA13010,4422,4484,8908,207,185,388,475,490,970,239,258,499,198,182,369,444,417,860,416,433,848,526,553,1079,726,693,1418,678,673,1344,407,419,830,113,188,294,9,5,12,4192,4380,8572,231,103,332,326,299,630,11,10,25,9,18,31,352,332,682,3596,3649,7246,333,343,677,3779,3918,7696,81,122,206,3781,3933,7713,48,48,98,412,415,826,149,161,307,24,42,70,57,155,210,1119,1398,2516,221,254,473,1219,1205,2427,330,292,619,276,221,491,21,13,32
LGA13310,16431,16072,32506,961,880,1838,2046,1926,3977,974,842,1819,1049,828,1880,2203,2063,4269,1910,1884,3792,2004,1993,3996,2182,2104,4288,1800,1931,3735,984,1115,2103,316,505,823,21,16,38,15218,15466,30684,1212,605,1823,798,768,1566,28,28,57,10,5,14,832,803,1637,13447,13280,26729,1858,1747,3603,13825,14006,27837,1080,1017,2096,14191,14412,28600,281,259,541,1871,1764,3631,630,599,1227,281,274,557,484,710,1198,5082,5769,10856,934,896,1830,4004,3843,7851,1142,1050,2190,694,592,1285,59,58,122
LGA13340,5588,5443,11024,322,328,657,848,755,1605,408,371,774,222,198,420,457,478,938,580,676,1251,665,696,1363,837,806,1643,744,664,1413,401,337,738,94,140,232,4,0,4,5464,5338,10801,117,109,229,193,178,368,3,4,8,4,4,9,199,182,387,4725,4622,9343,326,343,670,5011,4895,9911,114,122,234,5025,4904,9922,97,93,192,767,676,1446,277,274,552,41,59,104,74,178,252,1355,1872,3230,476,468,942,1386,1110,2495,461,320,783,294,167,457,7,5,13
LGA13450,13840,13604,27442,892,862,1754,1800,1717,3517,920,815,1730,816,770,1587,2102,2021,4124,1801,1665,3465,1751,1762,3518,1678,1601,3280,1156,1190,2349,664,760,1420,263,424,688,91,41,137,13341,13281,26630,496,319,812,687,731,1410,13,9,23,9,8,13,703,744,1453,9459,9523,18985,3121,3000,6123,9390,9436,18824,3200,3102,6301,10674,10854,21523,225,229,455,1635,1552,3184,610,568,1175,164,178,338,283,514,800,4245,4751,8996,819,772,1594,3240,2848,6091,761,745,1507,732,722,1455,151,163,315
LGA13550,6564,6512,13078,500,444,942,1004,947,1948,347,339,691,389,340,726,876,899,1783,751,782,1525,692,720,1417,850,773,1620,662,593,1258,368,477,840,129,198,322,25,5,29,6420,6380,12803,139,127,270,977,977,1956,15,11,27,21,23,43,1007,1005,2017,5597,5551,11151,324,379,711,5750,5750,11506,213,215,429,5801,5809,11614,159,125,284,911,852,1761,200,224,423,71,71,145,94,288,379,1619,2082,3704,351,379,730,1711,1499,3205,492,433,924,310,211,519,22,16,37
LGA13660,2460,2490,4949,110,125,229,334,306,638,97,133,225,102,78,179,189,188,376,254,244,504,295,330,628,405,377,773,372,369,746,238,241,479,62,110,170,0,0,3,2392,2423,4812,61,71,133,155,167,317,8,0,14,0,8,9,158,179,341,2115,2120,4236,95,122,213,2213,2250,4463,18,26,45,2213,2246,4453,32,37,74,297,274,576,71,91,160,11,22,36,24,65,87,565,741,1307,125,143,270,689,648,1341,218,179,405,183,133,319,11,8,23
LGA13800,33348,33755,67104,2138,2004,4143,4525,4166,8691,2269,2123,4392,2212,2013,4222,4412,4394,8808,3871,4033,7900,4420,4788,9211,4297,4319,8621,3073,3259,6339,1668,1881,3549,451,779,1226,38,33,67,32789,33121,65912,559,633,1190,1597,1557,3159,25,19,46,20,16,37,1646,1599,3242,27519,27703,55224,4328,4631,8960,29489,29768,59260,2311,2482,4790,30260,30656,60910,663,593,1256,4269,3943,8210,1635,1586,3220,577,722,1299,648,1413,2064,10401,13146,23540,2016,1914,3933,9335,8014,17348,2237,2016,4251,1107,911,2012,109,109,216
LGA13850,1441,1448,2889,73,94,169,157,147,302,69,78,142,96,74,171,175,144,322,125,140,266,169,162,330,252,259,509,178,169,345,104,139,249,43,42,88,0,0,0,1408,1410,2818,37,36,68,140,103,240,0,0,5,0,0,0,144,101,241,1146,1169,2311,101,98,199,1222,1218,2441,43,67,113,1224,1235,2461,20,25,52,137,118,255,31,48,81,11,12,25,17,41,57,382,472,851,108,119,229,313,297,607,136,106,241,91,66,161,14,5,16
LGA13910,9476,9755,19230,598,527,1127,1299,1226,2522,560,547,1111,428,485,914,965,1028,1993,942,1049,1987,1116,1168,2285,1376,1389,2762,1251,1266,2520,741,750,1483,199,326,527,4,10,18,9270,9571,18840,200,188,390,488,486,971,3,8,10,5,6,12,497,496,994,7945,8217,16168,696,772,1467,8217,8581,16805,517,503,1016,8487,8758,17250,172,148,320,1182,1118,2301,366,378,738,65,119,187,117,326,447,2412,3161,5574,566,667,1237,2590,2363,4952,731,717,1444,506,353,856,37,40,80
LGA14000,73979,77283,151261,3924,3676,7600,11039,10152,21192,5043,4612,9655,4349,3924,8278,7013,7420,14433,10594,11622,22214,10575,11304,21874,9007,9635,18649,6711,7475,14183,4109,4779,8887,1611,2684,4291,175,229,396,73115,75690,148804,865,1591,2456,445,378,821,7,9,16,12,11,23,460,396,856,43187,42985,86166,29087,32472,61558,46191,46103,92292,25590,28616,54205,62667,64233,126900,1404,1364,2763,10739,9891,20627,4498,4204,8701,2416,2303,4719,2439,3877,6319,43377,46035,89411,2848,2726,5576,7294,8242,15532,2064,2253,4315,971,1149,2126,359,458,815
LGA14100,6404,6908,13307,272,301,576,905,792,1696,497,460,961,394,311,705,492,494,992,684,838,1522,961,1037,2003,812,870,1683,689,782,1473,462,527,987,226,489,719,20,20,37,6211,6499,12712,189,404,594,30,26,50,0,0,3,0,0,0,34,23,57,4397,4659,9059,1779,2018,3799,4855,5008,9859,1226,1446,2672,5770,6215,11978,103,107,212,870,771,1646,456,430,892,243,190,435,149,238,391,3921,4097,8016,226,223,454,498,677,1179,147,191,340,106,137,246,15,20,33
LGA14170,88057,92416,180469,4574,4418,8998,8877,8453,17334,3807,3528,7329,5369,5707,11076,16772,17900,34673,14920,15286,30205,12655,13196,25847,9658,9948,19609,6521,7540,14060,3545,4272,7818,1365,2172,3534,173,176,350,85333,90360,175696,2724,2047,4774,940,1067,2008,29,28,53,25,39,68,999,1136,2134,55088,57460,112546,29177,31413,60592,62086,63476,125563,21885,25125,47014,73765,78029,151795,1457,1389,2848,8523,8143,16665,3280,3136,6413,2729,2976,5702,4738,6515,11251,55392,60035,115424,3140,2613,5751,7077,6976,14051,1871,1848,3719,2238,2903,5144,786,1169,1955
LGA14220,8865,9074,17937,541,508,1050,1208,1180,2389,550,565,1114,492,423,919,988,1020,2004,923,936,1857,1052,1133,2186,1169,1208,2377,1105,1069,2173,663,735,1401,174,299,472,24,9,37,8596,8800,17396,272,274,543,931,981,1909,11,17,33,19,21,32,958,1019,1981,7280,7516,14792,621,649,1270,7634,7926,15560,349,335,685,7720,7989,15710,137,144,278,1052,1023,2081,315,354,675,48,90,138,127,303,430,2165,2782,4952,524,528,1052,2250,2190,4435,753,700,1448,538,401,937,39,29,71
LGA14300,3754,2747,6503,164,170,333,382,353,732,178,135,315,251,141,390,637,309,946,587,293,879,501,349,852,455,400,852,359,340,697,199,179,378,43,82,127,35,0,39,2778,2694,5464,979,57,1038,455,166,620,3,0,3,9,0,12,468,168,630,3119,2377,5495,361,188,553,2468,2464,4941,184,113,295,2467,2487,4955,49,62,104,341,320,655,111,98,199,24,41,66,42,111,153,722,885,1611,209,153,362,779,675,1448,266,223,492,126,124,252,13,9,20
LGA14350,15711,15599,31310,824,746,1568,1773,1811,3582,896,813,1710,794,682,1474,1630,1475,3104,1533,1503,3038,1775,1837,3613,2384,2520,4901,2491,2399,4887,1267,1283,2548,334,529,866,28,13,39,14684,15162,29853,1028,435,1460,1962,1904,3860,20,23,40,54,48,104,2029,1972,4011,13113,12923,26041,1209,1303,2513,13364,13879,27248,424,500,922,13498,13995,27493,226,232,451,1548,1598,3150,524,539,1061,99,156,264,213,505,716,3750,4485,8235,950,892,1839,4159,4202,8363,1454,1381,2841,852,751,1603,58,28,88
LGA14400,11162,11790,22955,602,548,1152,1382,1287,2670,662,652,1321,517,460,978,996,1053,2050,1191,1327,2519,1336,1436,2774,1600,1781,3383,1644,1783,3428,936,973,1917,284,478,764,13,17,22,10964,11539,22503,196,249,451,251,263,515,8,0,8,4,10,10,264,278,539,9163,9564,18723,1567,1806,3378,10247,10739,20990,462,580,1045,10285,10861,21150,234,178,417,1336,1233,2566,521,534,1056,198,242,436,252,478,734,4935,5552,10487,623,579,1203,2356,2520,4878,539,608,1147,259,232,488,16,16,39
LGA14500,59474,64132,123608,2932,2685,5617,9431,8948,18378,4616,4382,8994,3604,3291,6896,4534,4884,9415,7454,8971,16428,8779,9962,18747,7356,7812,15165,5429,6228,11656,3682,4473,8159,1660,2484,4145,195,216,410,58800,62859,121662,672,1268,1941,131,119,250,14,15,25,6,3,10,154,133,289,33644,34371,68015,24504,28188,52689,39009,39829,78840,18942,22541,41480,50701,53340,104046,1154,1097,2250,9195,8746,17943,4290,4153,8442,2276,2152,4427,1718,2777,4496,38518,41387,79897,1916,2248,4161,3231,4587,7822,1292,1508,2801,601,708,1315,149,262,412
LGA14550,4689,4748,9435,200,197,398,536,551,1090,240,236,476,165,148,317,362,374,734,461,499,961,534,644,1180,916,869,1788,854,748,1600,327,338,663,92,145,229,36,29,67,4560,4635,9194,130,116,244,246,253,504,3,0,6,9,13,22,261,275,537,3720,3740,7463,461,512,975,4068,4082,8153,152,184,340,4113,4153,8267,54,58,110,464,470,936,150,161,313,25,30,52,63,179,241,1280,1544,2827,305,296,601,1320,1205,2521,372,361,723,245,161,415,14,7,26
LGA14600,3080,3024,6110,194,200,394,468,414,877,176,137,310,134,150,287,338,378,717,350,337,689,350,360,712,434,402,835,370,314,681,196,212,408,73,123,196,4,0,11,3006,2946,5956,78,80,153,523,574,1095,3,5,6,0,5,6,526,583,1107,2553,2471,5022,149,150,297,2617,2555,5167,113,99,210,2648,2579,5227,48,57,106,400,351,752,96,86,183,19,44,62,25,90,110,728,956,1683,140,191,324,811,643,1461,228,204,435,173,91,265,20,9,34
LGA14650,102898,108642,211536,6083,5807,11885,13793,12996,26790,6360,6005,12361,6012,5544,11552,11657,12334,23989,12401,13243,25644,12987,13595,26575,12754,14025,26777,11488,12862,24348,7022,8360,15377,2360,3877,6234,72,76,144,101681,106756,208435,1221,1889,3107,5633,5705,11338,113,87,200,102,83,182,5841,5876,11718,88480,92612,181096,10788,12176,22965,93961,98624,192589,5198,6101,11296,95867,101096,196961,2067,1998,4071,13170,12423,25591,4574,4533,9107,1937,2112,4046,2564,4423,6987,35047,40822,75864,6695,5912,12606,26654,27252,53908,7248,7987,15232,3271,3322,6597,294,283,575
LGA14700,19061,19946,39010,1203,1166,2368,2434,2250,4685,1016,934,1948,1048,881,1930,3112,3282,6388,3356,3537,6892,2500,2673,5171,1863,2083,3948,1448,1633,3083,840,993,1840,235,509,746,60,67,124,18849,19660,38506,215,292,501,75,76,145,0,0,3,0,0,0,77,75,152,11285,11245,22528,7169,7990,15160,13294,13078,26367,5077,6062,11143,15794,16157,31952,403,368,773,2368,2194,4554,950,882,1832,622,499,1119,792,1178,1967,12694,13327,26022,579,578,1162,1019,1279,2295,297,337,633,158,179,345,46,68,114
LGA14750,5655,5759,11419,358,340,700,864,843,1704,456,456,908,309,303,612,680,687,1370,611,658,1272,707,685,1383,728,727,1457,535,507,1041,305,387,691,99,175,282,10,4,13,5353,5424,10776,304,340,641,379,407,788,14,4,18,5,5,10,397,421,814,4545,4639,9183,602,635,1234,4616,4711,9329,535,568,1106,4799,4916,9711,88,88,173,777,751,1527,311,318,629,53,76,131,74,188,260,1300,1671,2972,350,359,708,1564,1451,3017,449,395,844,308,206,512,28,38,69
LGA14850,21946,22828,44778,1106,1030,2138,2836,2640,5478,1399,1275,2675,1202,1132,2333,2358,2501,4865,2434,2797,5226,2911,3098,6012,3318,3353,6674,2739,2806,5545,1208,1469,2680,421,722,1143,48,31,81,21347,22121,43463,604,710,1316,1255,1232,2488,33,34,65,45,49,93,1334,1316,2645,17851,18456,36306,2191,2446,4639,19083,19731,38813,1072,1297,2361,19413,20258,39676,355,306,665,2552,2386,4931,941,878,1822,317,373,689,653,1179,1834,7822,9014,16836,1315,1317,2636,4987,5128,10114,1409,1277,2686,793,669,1459,51,61,117
LGA14870,10595,10336,20926,492,466,952,1267,1210,2474,607,511,1118,556,464,1022,1205,1093,2302,1119,1064,2187,1345,1324,2666,1586,1599,3180,1427,1406,2839,795,852,1648,195,343,539,6,5,17,10013,10158,20172,581,176,760,834,723,1556,26,23,45,18,13,31,879,756,1635,8671,8490,17160,1089,1083,2168,9084,9166,18255,462,479,940,9266,9307,18572,135,123,262,1145,1112,2259,371,367,734,102,116,222,187,376,560,2697,3347,6041,676,620,1294,3111,2677,5784,804,891,1694,468,420,888,31,17,47
LGA14900,116426,117594,234017,8670,8016,16689,17910,17026,34940,8422,7796,16213,8539,7962,16501,16187,17335,33518,16726,17372,34095,14549,15139,29683,12652,12602,25259,7766,8272,16036,3827,4286,8110,1179,1792,2973,157,189,347,114297,116077,230375,2127,1511,3641,1800,1927,3732,29,40,68,45,45,91,1879,2015,3892,60655,59016,119667,49030,52043,101074,47208,44991,92204,61032,64490,125524,96854,97629,194477,2141,2035,4173,16436,15690,32121,6472,6384,12850,3129,3525,6654,3404,5352,8759,50680,53941,104626,5547,4818,10359,15736,14132,29872,4491,4419,8911,4387,5310,9694,2382,3307,5690
LGA14920,3806,3773,7586,211,177,385,503,447,954,226,226,455,165,166,331,360,367,728,381,409,787,463,490,950,583,562,1139,564,516,1075,278,312,593,70,117,185,3,0,3,3739,3719,7455,68,63,130,529,554,1082,3,0,6,12,23,33,538,582,1127,3168,3128,6298,166,188,356,3271,3252,6523,95,107,206,3309,3280,6597,49,52,101,420,399,827,139,139,279,33,25,61,46,102,153,860,1066,1927,221,243,458,1044,990,2035,328,279,607,233,145,384,11,6,18
LGA14950,1611,1662,3276,102,102,208,233,240,468,89,103,192,74,66,143,117,143,257,147,166,311,185,193,381,265,270,532,235,191,426,121,121,246,47,68,112,0,0,0,1593,1614,3204,23,46,70,75,80,159,0,0,7,3,0,3,80,84,164,1402,1445,2850,75,81,163,1458,1501,2961,27,38,65,1463,1508,2972,19,30,53,213,217,430,50,67,118,22,26,47,12,50,63,365,520,889,98,114,216,481,390,870,110,115,223,91,58,150,4,5,11
LGA15050,43529,46243,89772,3191,3049,6238,6700,6334,13032,2833,2778,5614,2709,2760,5474,6178,6718,12896,5763,6184,11940,5223,5693,10919,4620,5173,9795,3788,4230,8019,1985,2351,4337,531,970,1499,37,39,74,43075,45639,88719,449,602,1055,3099,3363,6463,66,70,139,81,80,161,3248,3515,6765,37952,40180,78133,3911,4363,8271,39527,41845,81376,2307,2674,4971,40489,42950,83441,994,971,1968,6348,6010,12356,1976,2062,4035,768,988,1746,1158,2218,3375,13673,16479,30150,3017,2751,5768,11020,11185,22205,2873,3253,6127,1357,1395,2748,136,112,243
LGA15240,47393,50096,97486,1980,2003,3983,5315,5059,10381,2464,2306,4768,1865,1702,3567,3674,4079,7755,4024,4520,8545,5301,5761,11061,7338,8202,15537,8724,8803,17525,5158,5321,10479,1549,2337,3886,43,35,83,46302,48779,95085,1087,1318,2406,3338,3479,6814,68,57,133,50,46,104,3458,3588,7045,38951,41101,80055,4739,5175,9916,42680,44952,87632,1427,1749,3180,42941,45357,88301,594,609,1198,4815,4550,9369,1541,1571,3110,309,461,771,624,1583,2207,13057,15142,28200,2833,2862,5688,13858,14607,28461,4387,4517,8909,2378,2048,4419,102,105,213
LGA15270,13203,12858,26064,784,756,1539,1866,1730,3599,787,671,1463,624,529,1148,1507,1527,3038,1503,1500,3008,1721,1688,3407,1782,1742,3526,1526,1427,2955,875,924,1795,217,364,586,12,11,22,12835,12603,25442,375,254,627,858,849,1708,15,8,17,18,12,28,891,868,1757,11045,10719,21761,1018,1129,2147,11674,11462,23139,435,465,898,11735,11527,23267,216,212,425,1687,1579,3268,494,480,976,143,134,276,245,503,753,3566,4538,8101,820,657,1477,3596,3037,6639,955,809,1764,571,441,1014,34,29,61
LGA15300,6724,6578,13300,453,365,815,911,913,1830,332,360,691,421,413,831,891,887,1780,732,799,1537,863,842,1703,935,877,1816,706,656,1365,382,360,741,85,111,199,15,15,29,6496,6386,12884,227,189,415,1175,1307,2482,15,9,29,12,12,28,1208,1334,2538,4836,4737,9577,382,384,771,5020,4920,9943,234,257,500,5072,4976,10045,106,97,203,698,672,1373,150,165,315,54,80,133,82,190,278,1598,2019,3616,340,348,684,1391,1209,2603,413,324,734,290,187,475,31,24,53
LGA15350,12735,14936,27675,600,605,1207,1673,1627,3299,806,772,1578,632,686,1320,1337,1599,2938,1627,1988,3612,1854,2267,4118,1653,1932,3582,1277,1693,2968,929,1220,2147,349,560,912,34,41,81,12576,14730,27313,165,205,366,38,34,70,0,0,4,0,0,0,43,35,76,7849,9084,16932,4478,5420,9894,10269,11862,22128,2024,2623,4644,10811,12636,23448,217,210,421,1612,1571,3182,742,701,1442,367,398,762,383,685,1069,8624,10065,18684,398,579,977,673,1125,1801,242,282,526,95,111,207,20,32,54
LGA15520,6287,6326,12610,364,305,672,747,751,1500,328,297,624,224,207,434,581,626,1200,613,663,1276,757,766,1525,903,973,1876,1010,928,1944,577,583,1165,173,225,393,0,4,7,6152,6186,12333,132,142,269,221,253,477,3,0,3,4,5,0,228,258,485,5262,5288,10550,452,509,964,5576,5668,11242,227,230,454,5575,5676,11247,92,97,195,687,697,1389,225,224,449,38,62,97,56,162,219,1577,2109,3683,859,855,1712,1275,1093,2367,564,423,986,374,288,654,17,22,37
LGA15560,1735,1579,3309,93,82,180,199,172,364,88,76,162,90,84,175,240,180,419,178,169,345,204,211,407,288,267,552,218,203,424,102,99,200,32,39,73,10,0,14,1688,1555,3242,41,27,67,137,135,272,0,0,9,3,5,4,142,140,284,1411,1308,2725,112,102,215,1472,1367,2837,66,69,134,1500,1386,2887,28,32,58,165,155,321,52,49,103,6,24,31,21,52,81,400,535,935,142,132,264,480,350,827,141,102,244,102,54,150,9,0,9
LGA15650,8596,7987,16585,542,478,1019,1276,1153,2426,572,505,1077,469,432,904,1249,1134,2378,1171,1029,2198,1097,1040,2142,1048,948,2003,722,720,1440,355,386,746,86,174,261,11,12,21,8092,7806,15906,505,179,684,986,869,1849,11,9,23,14,15,27,1015,893,1906,7240,6779,14017,739,688,1427,7443,7148,14590,322,358,684,7474,7201,14679,158,155,312,1166,1057,2227,371,340,708,85,104,192,141,334,478,1903,2345,4246,650,549,1194,2391,2068,4457,678,574,1249,368,338,709,28,17,44
LGA15700,10128,10648,20779,483,504,987,1159,1110,2263,560,509,1068,376,342,714,818,876,1698,861,988,1851,1095,1230,2323,1668,1869,3547,1834,1782,3616,981,1008,1989,286,431,716,9,7,19,9963,10454,20414,165,196,362,781,802,1575,16,14,35,9,19,30,807,834,1639,8200,8523,16717,950,1156,2109,8982,9431,18413,316,384,697,9024,9508,18534,146,138,276,1035,983,2019,359,336,692,67,95,164,154,395,548,2780,3383,6160,635,623,1252,2795,2871,5665,926,870,1803,490,437,931,32,29,57
LGA15750,6739,6407,13151,395,378,770,914,876,1783,341,349,694,403,325,726,836,830,1669,760,695,1457,873,765,1641,986,926,1910,719,669,1395,382,415,801,122,184,309,9,4,16,6379,6244,12620,363,166,528,895,930,1824,11,8,15,32,35,73,940,974,1904,5583,5391,10970,322,303,625,5789,5594,11383,178,161,339,5811,5629,11440,110,123,233,783,785,1569,200,241,440,63,81,139,104,209,311,1714,2020,3741,374,364,739,1678,1466,3145,551,448,999,364,223,584,24,17,45
LGA15800,2810,2869,5681,176,148,323,404,407,811,158,151,312,138,119,254,295,267,556,294,329,626,326,341,664,400,419,814,348,332,678,198,236,429,78,125,200,4,4,14,2680,2783,5466,131,83,218,356,358,713,4,6,5,4,0,4,361,360,722,2362,2427,4785,161,156,320,2416,2500,4913,104,96,196,2461,2533,4992,34,46,75,342,361,705,89,106,190,24,22,42,48,109,152,640,806,1447,172,201,371,709,675,1382,260,223,483,190,155,345,7,8,12
LGA15850,3196,3120,6315,227,169,394,500,448,948,197,186,383,164,149,314,325,369,699,315,353,669,357,345,700,421,419,848,382,359,737,233,238,469,75,93,166,0,5,10,3132,3065,6193,63,60,117,600,610,1210,14,5,21,18,30,50,635,642,1282,2595,2548,5138,132,121,255,2700,2629,5327,51,62,116,2729,2654,5383,71,47,116,410,370,783,118,127,247,29,36,64,22,81,103,714,1009,1723,162,170,330,811,641,1455,234,205,436,162,112,276,15,11,27
LGA15900,82429,85473,167897,4533,4294,8831,9543,8967,18510,4825,4731,9557,6974,7127,14101,13449,13318,26767,10796,10998,21793,10055,10567,20621,9346,9747,19091,7261,7829,15095,4087,4981,9059,1558,2917,4467,126,132,254,79331,82179,161514,3093,3291,6384,3520,3624,7141,56,75,131,51,72,125,3632,3765,7396,66372,69015,135392,12238,12745,24981,69331,72109,141437,8723,9028,17749,72715,75946,148659,1449,1360,2812,9085,8554,17642,3635,3700,7330,3151,3675,6822,3751,5169,8924,37277,40670,77948,4473,3936,8411,15418,15587,31004,4239,4645,8887,2163,2326,4497,334,397,730
LGA15950,31937,35867,67807,1740,1675,3412,2621,2581,5198,1058,1023,2084,1530,1772,3304,6641,7740,14382,5877,6373,12246,4092,4582,8678,3385,3888,7275,2834,3456,6290,1689,2066,3748,466,718,1183,118,134,250,31372,35405,66769,570,468,1030,122,127,248,10,9,13,3,8,12,135,140,277,18071,19608,37679,12507,14724,27234,23404,25022,48427,7124,9253,16374,25586,28231,53815,532,488,1013,2505,2462,4967,970,916,1889,776,872,1649,1579,2490,4070,23104,26063,49161,846,1032,1880,1614,2183,3795,415,454,871,197,246,435,60,92,154
LGA15990,127607,133552,261159,7179,6888,14070,17657,16588,34248,8443,7740,16184,7114,6556,13666,13946,14799,28744,16822,18430,35249,19178,20455,39633,15848,16224,32071,11229,12510,23744,7444,8868,16313,2744,4490,7236,256,280,532,126203,131494,257690,1404,2054,3463,846,746,1600,30,28,53,30,16,49,911,797,1706,86139,88016,174150,37664,41435,79097,104416,106923,211335,18863,21991,40848,110774,115372,226143,2609,2494,5097,17076,16036,33112,7290,6953,14243,3561,3439,7001,3597,5779,9373,71902,76669,148571,5752,5440,11192,14981,16667,31649,3732,3961,7694,1874,2031,3902,417,513,927
LGA16100,2946,2696,5641,140,130,270,355,350,706,145,125,272,140,106,247,285,265,549,346,282,629,383,368,745,451,393,845,442,417,859,212,198,410,48,56,104,7,0,6,2807,2657,5459,143,44,183,126,100,229,6,4,8,8,6,16,144,114,257,2230,2089,4317,334,259,596,2374,2277,4652,146,118,269,2391,2305,4700,39,35,73,300,291,593,79,73,153,22,34,62,41,81,124,765,913,1681,144,130,271,804,662,1464,187,158,346,127,94,217,15,14,25
LGA16150,21448,22588,44037,1640,1412,3056,3286,3090,6381,1406,1348,2757,1270,1290,2563,2869,3136,6009,2660,2899,5557,2535,2642,5181,2319,2513,4827,1934,2237,4173,1121,1382,2502,396,639,1035,35,24,63,20523,21691,42209,926,904,1829,1598,1668,3266,23,25,42,40,34,74,1662,1727,3385,17900,18856,36763,2314,2416,4724,18634,19696,38329,1591,1618,3210,19273,20308,39587,448,421,875,3070,2875,5949,985,1001,1986,311,452,768,687,1109,1797,7247,8947,16196,1236,1178,2414,4687,4691,9381,1287,1262,2548,804,724,1529,104,74,177
LGA16200,7209,7193,14397,495,416,909,1029,983,2011,463,411,870,392,408,798,851,801,1657,776,819,1591,839,846,1684,983,944,1924,789,765,1552,440,524,969,154,274,430,7,11,12,7000,7032,14029,209,160,365,925,926,1846,0,3,6,6,6,13,931,933,1867,6215,6193,12407,398,433,824,6381,6447,12821,263,240,508,6484,6486,12967,120,115,233,940,897,1835,298,273,567,61,87,154,104,202,309,1846,2273,4120,432,423,857,1956,1801,3758,519,474,995,367,303,663,22,12,35
LGA16260,129325,128401,257725,8333,7917,16251,15787,14939,30724,5970,5564,11526,8947,8075,17017,25073,24802,49869,23626,21939,45564,14391,14798,29190,12054,12944,24998,8793,9575,18365,4608,5437,10042,1748,2431,4177,363,455,820,126124,126328,252460,3200,2071,5268,1129,873,2007,37,35,72,27,24,53,1197,936,2127,55373,53177,108549,67466,69101,136575,50005,47574,97580,70869,73692,144561,88725,88692,177418,2398,2310,4710,14829,14039,28874,5187,4895,10076,4838,4512,9352,6801,8769,15564,77134,77633,154764,4112,3640,7754,10424,10781,21199,2871,3260,6133,2123,2565,4690,1024,1303,2325
LGA16350,107531,110243,217772,8141,7504,15650,15598,14857,30453,6936,6617,13552,7523,7222,14747,15912,17105,33020,15685,16079,31765,13299,13566,26862,11266,12050,23316,8355,9088,17439,3849,4372,8224,962,1785,2742,148,145,291,105624,108463,214083,1903,1781,3686,5259,5331,10589,99,85,182,84,84,164,5437,5502,10938,77013,77928,154941,24645,26167,50807,80070,81090,161157,20548,22167,42714,93214,95306,188525,2306,2128,4429,14509,13758,28268,4915,5008,9919,2113,2454,4561,2598,4791,7397,38252,44358,82616,6146,5618,11762,23588,21989,45570,5856,5621,11481,3186,3348,6533,589,706,1299
LGA16380,41924,45514,87437,2027,1853,3883,5151,4941,10086,2521,2471,4996,1924,1992,3919,3701,4044,7751,4132,4570,8707,4928,5592,10518,5582,6555,12137,6445,6836,13278,4124,4606,8729,1384,2054,3439,67,53,119,40845,44168,85005,1080,1344,2422,2265,2347,4610,25,32,58,35,41,81,2328,2419,4746,34557,37563,72124,5083,5672,10750,38174,41485,79660,1617,1933,3544,38335,41761,80094,671,593,1258,4837,4647,9486,1795,1905,3698,589,803,1392,938,1926,2866,14255,17121,31369,2741,2786,5533,10548,11648,22193,3245,3278,6525,1673,1505,3175,90,79,176
LGA16400,36581,37926,74510,1817,1837,3658,4828,4501,9324,2290,2059,4349,1849,1704,3556,3459,3595,7052,3771,4088,7857,4417,4796,9208,5110,5464,10572,5161,5502,10668,3134,3289,6424,747,1098,1839,33,28,59,36181,37447,73629,400,480,884,2343,2361,4703,47,46,91,51,52,103,2434,2462,4898,30461,31415,61875,4280,4720,9004,33382,34524,67903,1427,1628,3052,33576,34785,68355,590,585,1176,4493,4224,8717,1559,1486,3048,476,534,1009,706,1390,2098,11194,12905,24104,2584,2323,4906,10056,10191,20249,2817,2958,5776,1364,1234,2602,97,90,190
LGA16490,31760,31307,63069,2113,2085,4204,4271,3867,8141,1793,1647,3441,1814,1625,3435,4550,4765,9311,4486,4526,9008,4519,4638,9159,4107,3846,7960,2633,2562,5192,1155,1298,2454,325,444,767,32,48,76,31173,30920,62094,585,389,971,1051,1064,2114,19,20,37,19,24,43,1094,1107,2195,24328,23957,48283,5790,5794,11591,25805,25449,51254,4274,4272,8543,28158,27972,56129,598,556,1154,4045,3642,7691,1396,1314,2712,571,617,1189,1200,1771,2973,15155,16143,31296,1622,1474,3097,4962,4436,9398,1199,1054,2254,800,760,1565,95,110,207
LGA16550,64985,68479,133460,3571,3322,6894,6980,6745,13724,3411,3164,6576,4663,4650,9316,11728,12620,24350,9889,10348,20241,8459,8910,17365,6853,7177,14032,4996,5688,10684,3137,3786,6927,1296,2059,3353,264,262,528,61442,66083,127525,3542,2398,5939,1154,1086,2244,19,19,36,34,41,75,1203,1148,2353,36626,37281,73908,25079,27899,52974,43054,44627,87684,17242,19978,37216,49808,53568,103380,1100,1046,2148,6625,6415,13038,2898,2803,5706,2733,2710,5440,3465,4530,7996,38779,42985,81760,2344,2087,4431,5701,5817,11515,1554,1675,3230,1209,1522,2735,326,434,762
LGA16610,11748,12073,23824,612,583,1192,1567,1585,3146,721,665,1386,616,613,1223,1116,1198,2315,1110,1223,2338,1407,1405,2812,1637,1700,3342,1715,1696,3404,939,965,1906,311,446,755,6,4,14,11563,11909,23473,183,172,352,850,921,1775,20,22,39,35,30,63,911,972,1878,9834,10076,19906,665,785,1447,10332,10599,20937,231,339,570,10409,10738,21152,178,171,342,1348,1375,2724,423,418,840,94,148,243,162,398,562,2590,3320,5908,775,719,1496,3353,3363,6715,1047,906,1955,704,531,1232,29,26,56
LGA16700,63171,66059,129225,3698,3557,7255,7096,6526,13618,3057,2823,5874,4395,4180,8567,11610,12158,23770,10579,10703,21283,7357,7902,15264,6655,7412,14059,4946,5654,10602,2584,3269,5849,1196,1883,3075,202,245,447,61639,64474,126115,1525,1585,3111,282,294,579,20,12,29,7,7,16,306,316,625,30972,30084,61056,29879,33493,63375,30033,29297,59338,30196,33747,63940,47604,48418,96022,1177,1085,2258,6786,6293,13080,2737,2542,5281,2519,2456,4979,3346,4635,7982,39578,41788,81363,1948,1807,3753,5056,5617,10678,1409,1576,2986,1181,1560,2743,477,685,1157
LGA16900,37044,38883,75928,2379,2199,4580,5201,4797,9995,2438,2375,4810,2309,2289,4598,4571,4965,9539,4511,4795,9305,4595,5030,9626,4550,5058,9609,3710,4030,7734,2050,2377,4427,728,974,1702,31,26,58,36593,38451,75042,453,432,879,1812,1839,3656,37,39,77,16,25,41,1871,1897,3775,29646,30627,60279,5760,6502,12259,31790,33111,64902,3461,4029,7492,33930,35411,69340,798,739,1536,4886,4496,9386,1728,1786,3511,581,756,1341,787,1537,2323,11162,13331,24500,2532,2324,4856,10069,10038,20112,2424,2747,5172,1446,1546,2992,189,210,400
LGA16950,53972,55208,109178,2858,2693,5549,6231,5900,12124,2911,2651,5559,2571,2306,4876,5604,5518,11119,5596,5715,11308,6038,6401,12443,7723,8411,16133,8236,8601,16836,4798,4945,9739,1415,2075,3487,60,52,118,52152,54193,106345,1820,1013,2832,3524,3354,6879,75,59,141,58,57,113,3659,3475,7136,43309,44004,87309,7162,7705,14872,47345,49137,96481,2579,2913,5494,48034,49875,97904,940,815,1753,5673,5419,11088,1917,1852,3770,542,660,1203,1013,2044,3057,17008,19756,36764,3247,3033,6283,14026,14250,28278,4214,4140,8348,2235,2064,4299,164,139,299
LGA17000,12887,12016,24899,781,742,1527,1841,1761,3600,1060,753,1812,932,663,1601,1726,1590,3317,1544,1524,3068,1659,1703,3365,1591,1464,3061,1086,1066,2155,522,523,1040,141,216,360,15,10,20,12006,11866,23871,880,152,1032,982,991,1973,29,10,32,28,27,55,1034,1028,2067,10931,10312,21241,1049,1059,2110,11554,10981,22533,443,435,876,11572,10963,22532,208,227,438,1724,1640,3371,566,532,1097,151,183,335,234,487,721,3569,3898,7460,1046,755,1797,3521,3127,6652,830,825,1657,446,342,792,35,25,63
LGA17040,14378,13115,27496,557,565,1116,1711,1493,3202,863,802,1665,972,980,1947,2053,1811,3868,1632,1537,3169,1966,1836,3800,2121,1852,3979,1567,1273,2836,735,693,1429,209,277,486,89,69,162,11685,11119,22813,2694,1995,4687,426,272,702,26,8,31,15,11,23,468,287,758,10983,10026,21005,1896,1899,3791,11899,11063,22970,826,904,1735,12068,11211,23286,184,173,357,1536,1361,2897,534,521,1053,176,280,456,334,614,951,5913,6260,12168,764,673,1439,2781,2168,4948,635,564,1197,405,300,704,46,34,79
LGA17080,7574,7369,14940,383,439,821,995,917,1911,395,403,792,376,311,686,750,748,1506,872,867,1738,970,924,1892,1180,1041,2226,927,932,1858,574,542,1116,151,247,403,6,0,13,7190,7196,14384,383,174,555,444,477,923,7,9,17,3,5,7,461,489,946,6198,6070,12271,719,679,1397,6517,6480,12995,329,336,669,6590,6527,13117,109,153,261,884,820,1701,260,284,547,59,82,133,98,267,371,1970,2409,4377,528,494,1019,1990,1762,3753,577,497,1080,402,252,658,32,16,44
LGA17100,23301,22215,45517,1198,1152,2356,2251,2200,4447,1048,998,2049,2492,2028,4528,6005,5038,11041,3485,3173,6658,2147,2399,4543,2124,2285,4407,1404,1546,2953,800,928,1726,331,478,814,66,79,142,23132,22044,45172,171,172,343,93,92,184,4,8,13,9,4,10,100,97,203,8498,7965,16457,13593,13204,26795,7015,6197,13216,14920,14810,29728,14797,14944,29739,343,324,664,2078,2055,4138,923,892,1815,1537,1204,2737,1730,1642,3371,15404,14430,29834,688,591,1279,1390,1450,2847,446,419,870,418,552,964,222,308,526
LGA17150,111481,117026,228505,6780,6464,13243,15078,14009,29089,7230,6728,13953,6563,6249,12817,12775,13473,26246,14575,15852,30429,15317,16412,31728,13706,14545,28253,10755,11818,22572,6262,7491,13751,2445,3976,6423,130,146,278,110424,115177,225606,1055,1844,2896,1603,1524,3127,42,22,66,32,37,66,1672,1584,3260,87787,90277,178064,20659,23607,44262,93440,95963,189405,14583,17185,31766,102714,106996,209711,2386,2287,4669,14555,13569,28124,6129,5917,12045,2667,2859,5523,2834,4565,7395,53481,59358,112840,5807,4789,10603,20578,20957,41531,4258,4988,9247,1941,2252,4197,348,379,729
LGA17200,115103,102265,217369,3929,3667,7599,4507,4316,8820,2592,2742,5327,11043,11222,22262,36143,33575,69714,22541,17996,40541,13585,10107,23694,10209,8327,18533,6567,6026,12595,3090,3032,6116,904,1254,2160,1087,878,1965,103596,95330,198928,11509,6932,18440,1572,1390,2960,53,43,93,47,42,80,1671,1467,3141,50996,43112,94107,52593,50906,103500,67392,54750,122135,35545,38673,74219,73099,63318,136426,992,933,1926,4018,3867,7886,1997,2240,4240,5749,6422,12169,10362,12058,22421,81667,74389,156055,3598,2805,6410,6048,4919,10966,1531,1354,2885,1211,1312,2524,675,798,1476
LGA17310,31125,32341,63464,2063,1776,3837,4615,4298,8910,2200,1920,4118,1678,1738,3415,3932,4175,8103,3547,3865,7413,3711,3833,7540,3571,4028,7601,3285,3414,6695,1922,2292,4213,612,1005,1612,52,24,73,30121,31604,61724,1011,738,1747,3853,3870,7729,49,49,98,104,105,208,4009,4030,8039,25996,27166,53159,2674,2712,5381,26866,28121,54987,1858,1833,3694,27187,28556,55739,601,509,1106,4204,3902,8106,1443,1259,2701,297,467,773,602,1318,1921,8914,11256,20169,1867,1912,3776,7659,7558,15217,2298,2199,4503,1395,1077,2471,116,98,216
LGA17350,2961,3070,6031,163,157,319,398,384,780,185,157,347,152,136,288,255,263,521,277,295,575,344,368,714,414,457,871,435,431,865,244,271,511,87,146,231,0,3,3,2856,2981,5835,107,84,190,88,103,193,5,5,7,4,3,4,97,112,205,2635,2733,5363,153,170,326,2736,2827,5561,67,91,154,2773,2868,5640,53,45,106,376,355,732,114,108,217,22,34,58,44,94,136,720,957,1676,175,167,348,891,860,1749,289,243,533,143,113,258,7,13,12
LGA17400,3513,3587,7108,142,132,278,343,366,705,153,167,316,138,131,272,274,279,554,307,330,636,422,448,867,609,634,1239,736,669,1409,311,309,624,82,131,210,78,38,118,3322,3428,6752,194,156,347,219,275,490,3,5,14,7,0,12,228,281,511,2757,2852,5607,317,313,623,2999,3090,6094,98,113,211,3010,3127,6134,28,31,62,303,314,618,88,120,204,25,22,47,34,112,146,968,1113,2077,200,232,429,908,953,1862,304,261,565,211,148,361,12,15,22
LGA17420,94483,97489,191975,5669,5402,11073,15242,14294,29533,6731,6334,13066,5931,5456,11390,9325,10052,19380,14687,16135,30826,13188,13877,27064,10223,10790,21016,8017,8932,16952,4267,4536,8801,1205,1679,2887,217,275,494,93743,96475,190219,743,1014,1755,576,573,1148,13,7,16,17,17,33,602,592,1199,55092,54994,110083,37263,40180,77443,56211,55952,112167,35617,38770,74387,81209,82375,163586,1971,1946,3913,14775,13840,28614,5906,5706,11617,2998,3055,6052,2739,4210,6943,52546,55541,108088,3671,3397,7070,10653,11388,22046,2752,2841,5591,1329,1626,2954,315,471,783
LGA17550,47229,51015,98247,2388,2296,4676,5981,5505,11490,2568,2541,5110,2117,1990,4107,4276,4759,9037,5270,5953,11225,5810,6344,12154,6574,7534,14112,6650,7202,13848,4087,4594,8677,1519,2291,3803,53,63,123,46089,49709,95800,1142,1299,2442,1824,1944,3775,134,115,251,192,178,370,2150,2242,4391,36876,39515,76390,7023,8088,15106,41672,44865,86538,2159,2733,4891,41703,45048,86753,700,716,1414,5473,5059,10529,1769,1894,3660,542,732,1272,1004,2155,3161,16780,19711,36492,3184,3194,6378,10896,11833,22727,2956,3031,5986,1664,1764,3435,110,120,225
LGA17620,7215,7196,14407,388,372,757,1002,903,1907,421,439,856,338,344,688,835,877,1715,865,874,1739,903,904,1802,986,973,1955,859,799,1656,449,487,940,160,233,396,14,12,25,6953,7001,13953,261,196,459,460,496,957,8,8,17,7,12,20,478,514,991,6040,6064,12107,658,664,1315,6430,6483,12909,307,278,587,6390,6450,12847,108,106,218,937,838,1778,301,340,639,71,99,167,107,260,366,1908,2542,4447,426,439,870,2038,1748,3789,567,484,1053,340,244,584,39,18,56
LGA17640,4345,4234,8574,246,228,472,513,449,961,235,220,452,156,179,331,347,375,716,400,453,855,568,569,1139,785,731,1515,649,592,1241,351,321,666,91,130,229,0,4,3,4303,4166,8477,41,64,104,127,137,269,4,0,4,0,0,0,134,137,272,3606,3550,7161,336,328,668,3865,3798,7667,114,108,231,3901,3831,7727,64,64,132,462,401,869,161,161,322,28,56,82,73,130,202,1311,1641,2949,205,256,461,1207,959,2168,332,260,591,200,136,337,13,3,19
LGA17650,2865,3085,5947,155,142,300,380,383,757,175,193,366,118,134,247,236,303,545,290,314,601,384,435,820,458,494,955,414,412,823,215,199,415,41,75,120,4,3,5,2836,3035,5867,26,52,79,274,280,550,0,0,0,4,5,13,277,285,565,2444,2628,5070,192,232,420,2603,2811,5423,63,81,140,2612,2820,5432,48,42,89,341,367,702,128,148,266,18,48,65,64,140,205,905,1233,2134,144,162,305,725,686,1412,221,171,389,141,108,250,14,3,15
LGA17750,33607,35177,68783,2320,2275,4593,4714,4509,9223,2618,2432,5051,2738,2840,5581,4909,5006,9913,4053,4285,8335,3724,3926,7648,3527,3901,7420,2859,3094,5955,1580,1913,3500,566,992,1566,99,35,127,31388,33484,64871,2220,1694,3915,2176,2251,4423,42,35,77,35,39,70,2244,2327,4572,27566,29374,56938,3973,3873,7845,28332,30199,58539,3216,3098,6320,29466,31265,60732,710,663,1371,4397,4192,8588,1657,1738,3400,756,1283,2036,1104,1778,2878,12037,14422,26456,2176,2039,4210,7099,7007,14108,1907,1853,3763,1247,1020,2267,175,243,422
LGA17850,1503,1500,2999,80,81,159,173,172,351,73,74,146,66,57,120,131,142,273,129,137,264,184,187,371,233,220,454,251,229,473,148,165,312,30,47,74,0,0,0,1472,1463,2934,34,37,64,94,91,180,4,5,6,0,0,5,101,96,191,1266,1259,2518,84,86,174,1331,1326,2656,27,31,57,1333,1346,2685,30,25,52,158,154,316,45,49,97,5,13,16,16,36,54,424,533,962,73,78,154,395,336,730,120,105,221,94,54,149,6,6,8
LGA17900,2898,2774,5672,152,171,323,324,319,640,139,153,287,129,119,244,333,332,663,260,290,550,333,371,698,499,455,953,474,351,826,219,173,399,48,36,82,10,5,16,2773,2676,5453,120,100,221,509,580,1092,0,3,5,3,5,10,509,590,1098,1913,1782,3698,237,237,472,2028,1901,3924,136,145,280,2082,1948,4028,29,40,70,226,223,449,55,71,124,12,24,36,15,77,94,663,742,1408,125,152,273,589,498,1086,214,188,397,182,84,271,22,12,29
LGA17950,1333,1294,2625,85,80,165,163,162,329,61,70,133,76,60,136,153,151,301,124,126,249,161,161,322,216,180,399,162,136,297,100,102,203,24,64,86,10,4,11,1251,1210,2460,84,85,158,184,199,378,0,4,4,5,0,5,187,198,386,1087,1040,2130,70,78,153,1123,1109,2224,56,36,95,1125,1096,2221,24,18,47,145,145,285,29,48,78,15,17,36,13,56,63,380,465,846,60,63,125,313,248,563,105,91,194,65,47,110,6,4,11
LGA18020,4708,4722,9423,245,228,473,570,528,1101,275,278,549,195,151,349,427,445,877,389,447,835,539,581,1117,725,718,1447,744,727,1474,460,410,869,143,204,342,9,4,13,4565,4540,9100,140,179,324,460,499,959,6,7,9,5,14,18,477,513,983,3729,3718,7452,279,294,575,3933,3928,7861,106,122,228,3969,3948,7912,61,73,139,482,458,939,175,190,359,28,40,65,44,143,185,1100,1442,2541,242,254,500,1191,1129,2322,408,301,711,316,186,506,17,11,24
LGA18050,32711,34741,67453,1885,1817,3703,3557,3359,6914,1425,1405,2831,1459,1778,3233,7397,8437,15837,5701,5757,11465,4376,4353,8732,3028,3021,6051,2157,2387,4546,1225,1574,2798,502,846,1342,169,153,323,31965,34076,66037,745,666,1416,142,105,248,7,9,19,4,6,6,152,119,270,17645,17846,35491,13248,14969,28217,24301,24850,49141,6448,7789,14242,24929,26039,50974,621,613,1233,3382,3182,6561,1253,1263,2515,718,906,1622,1579,2406,3985,21494,23556,45050,1043,968,2016,1863,1934,3800,567,531,1100,320,380,701,78,87,166
LGA18100,1808,1719,3534,82,79,164,198,187,383,98,88,187,61,66,123,147,149,292,182,147,328,208,221,425,304,282,580,293,276,573,183,163,345,58,75,140,0,0,0,1786,1690,3476,19,37,57,74,74,147,0,3,3,11,3,11,85,80,165,1567,1478,3044,94,104,199,1677,1578,3255,24,32,49,1672,1574,3253,26,27,48,181,168,353,60,73,136,11,28,38,24,55,81,463,560,1020,112,103,219,536,471,1008,188,148,333,105,56,159,6,6,11
LGA18200,4072,3656,7726,239,231,469,503,447,950,229,186,421,194,174,370,461,420,888,480,422,898,522,480,1000,611,534,1154,511,435,946,264,224,490,52,88,138,46,16,55,3734,3539,7274,342,120,459,307,286,600,9,4,10,4,8,11,319,307,622,3166,2907,6073,248,262,508,3318,3061,6382,164,157,315,3357,3084,6442,74,59,137,438,384,827,134,122,252,30,36,67,70,109,178,923,1165,2083,488,424,905,798,618,1412,322,223,549,233,154,391,10,9,12
LGA18250,36663,39607,76269,2088,1923,4015,5172,5047,10214,2169,2023,4194,1995,1982,3977,4534,4969,9502,6046,6750,12792,5174,5670,10844,3982,4299,8277,3045,3600,6647,1705,2036,3744,751,1299,2047,182,187,372,35605,38236,73845,1057,1369,2429,108,86,197,3,3,7,5,3,9,116,93,210,19314,18886,38200,16054,19276,35334,21015,20601,41615,13958,17120,31079,28579,29766,58346,777,698,1472,4990,4847,9840,1985,1891,3880,1210,1213,2422,1438,2264,3706,23305,25422,48730,1115,1123,2241,1957,2449,4401,766,846,1617,503,659,1166,175,307,484
LGA18350,25516,27647,53166,1310,1284,2594,3249,3105,6347,1529,1478,3010,1151,1100,2249,2354,2469,4820,2588,2788,5378,3237,3579,6814,3419,3848,7270,3532,4221,7751,2417,2761,5183,742,1013,1749,38,40,78,25050,26977,52026,468,669,1140,580,589,1162,3,11,12,14,15,29,593,619,1210,19565,21261,40825,4618,4947,9564,22493,24336,46827,1751,1975,3728,22748,24667,47415,401,435,837,3079,2924,5999,1142,1181,2331,340,456,794,547,1092,1639,10914,12750,23665,1429,1576,3004,5368,5543,10911,1342,1378,2722,609,546,1157,71,59,125
LGA18400,26865,26800,53664,1953,1798,3749,4127,3795,7920,1915,1766,3679,1646,1516,3164,3206,3328,6534,3351,3544,6894,3633,3659,7295,3051,3215,6266,2449,2494,4945,1202,1234,2438,325,446,773,34,19,55,26670,26535,53213,192,264,452,1154,1134,2287,22,9,33,21,13,31,1196,1156,2354,22740,22424,45167,2882,3111,5992,24196,23964,48159,1470,1631,3106,24853,24700,49546,662,574,1238,3924,3592,7517,1373,1361,2734,391,535,929,443,862,1310,7608,9963,17568,1696,1493,3185,7761,6371,14131,1740,1552,3285,795,651,1439,69,63,133
LGA18450,105065,108612,213680,6236,5870,12110,13104,12445,25548,6561,6315,12877,7880,7610,15491,14231,14080,28307,13069,13677,26742,13134,13662,26800,12725,13215,25943,9878,10879,20759,6072,7222,13294,2173,3627,5798,102,113,210,103015,106038,209057,2051,2575,4627,3307,3440,6744,67,68,133,59,63,120,3436,3561,6997,79136,80709,159841,21531,23461,44989,84152,85988,170141,16242,17582,33823,93108,96421,189528,2026,1973,4002,12455,11795,24246,5026,5137,10159,3327,3666,6995,3629,5389,9026,43406,47448,90854,6021,5099,11118,21796,21373,43169,5634,6128,11767,3628,4300,7932,620,864,1481
LGA18500,24236,27761,51999,1172,1202,2377,2666,2669,5341,1331,1198,2529,1240,1502,2740,3642,4553,8186,3354,3723,7080,3178,3647,6825,2856,3166,6014,2469,2937,5409,1678,2145,3823,657,1019,1675,93,111,206,23688,27170,50856,551,589,1138,82,62,150,6,8,9,3,5,8,93,74,170,14786,16841,31634,8367,9736,18101,19396,21733,41133,3651,4617,8268,20584,23387,43971,399,395,792,2509,2549,5060,1163,1103,2261,670,774,1444,830,1340,2174,16756,19292,36041,718,810,1532,1153,1583,2737,403,451,854,189,239,427,45,53,95
LGA18710,8601,8730,17332,470,457,930,1278,1206,2488,597,548,1148,425,371,792,823,848,1664,993,1184,2179,1345,1405,2744,1177,1103,2283,922,934,1857,443,479,919,128,207,337,7,12,19,8298,8554,16851,304,174,478,272,265,536,11,5,11,0,5,8,280,273,551,7110,7308,14417,908,985,1890,7711,7939,15651,333,370,703,7846,8096,15940,144,147,289,1208,1150,2359,461,449,912,122,152,275,213,424,629,3706,4265,7969,471,436,904,1527,1427,2959,387,331,718,225,197,418,23,15,38
LGA19399,645,588,1236,39,24,59,74,67,141,19,14,34,16,21,38,73,78,145,77,78,155,79,83,164,107,106,215,120,75,192,28,31,58,15,9,18,4,4,8,619,553,1174,26,30,53,19,13,36,0,0,0,0,0,3,23,22,40,530,460,990,57,69,122,562,510,1078,26,22,45,560,506,1070,8,3,12,64,64,125,8,6,12,0,6,7,7,19,30,195,265,457,49,41,92,160,106,269,44,27,69,15,5,27,5,7,10
LGA19799,31,4,38,0,0,0,0,0,0,0,0,0,0,0,0,0,0,0,4,3,6,16,0,18,10,0,8,4,0,3,0,0,0,0,0,0,0,3,3,0,0,5,30,4,32,0,0,0,0,0,0,0,0,0,0,0,4,27,4,32,3,0,3,31,4,34,3,0,3,34,4,34,0,0,0,0,0,0,0,0,0,0,0,0,0,0,0,9,0,12,6,0,8,14,0,14,8,0,3,0,0,0,0,0,0
